title,image,url
It's Fall Y'all Gnome Pumpkin Autumn Halloween Thanksgiving T-Shirt,https://m.media-amazon.com/images/I/71unDhKfdmL._AC_UL320_.jpg,https://www.amazon.com/Pumpkin-Autumn-Halloween-Thanksgiving-T-Shirt/dp/B09D8XMC9Z/ref=sr_1_1925?dchild=1&keywords=thanksgiving&m=ATVPDKIKX0DER&qid=1630232740&refinements=p_6%3AATVPDKIKX0DER&s=apparel&sr=1-1925
Happy Hallothanksmas Santa Cat Halloween Thanksgiving T-Shirt,https://m.media-amazon.com/images/I/71X6H5GEa8L._AC_UL320_.jpg,https://www.amazon.com/Hallothanksmas-Santa-Cat-Halloween-Thanksgiving/dp/B09D8RSHYZ/ref=sr_1_1927?dchild=1&keywords=thanksgiving&m=ATVPDKIKX0DER&qid=1630232740&refinements=p_6%3AATVPDKIKX0DER&s=apparel&sr=1-1927
Happy Hallothanksmas Santa Horse Halloween Thanksgiving T-Shirt,https://m.media-amazon.com/images/I/71lvtZf4u2L._AC_UL320_.jpg,https://www.amazon.com/Hallothanksmas-Santa-Horse-Halloween-Thanksgiving/dp/B09D8SWQWN/ref=sr_1_1931?dchild=1&keywords=thanksgiving&m=ATVPDKIKX0DER&qid=1630232740&refinements=p_6%3AATVPDKIKX0DER&s=apparel&sr=1-1931
Womens Stressed Blessed Pumpkin Spice Obsessed Shirt Turkey Day T-Shirt,https://m.media-amazon.com/images/I/715tYFeOHzL._AC_UL320_.jpg,https://www.amazon.com/Stressed-Blessed-Pumpkin-Obsessed-T-Shirt/dp/B09D8VTHGV/ref=sr_1_1938?dchild=1&keywords=thanksgiving&m=ATVPDKIKX0DER&qid=1630232740&refinements=p_6%3AATVPDKIKX0DER&s=apparel&sr=1-1938
Coolest Turkey At The Table Thanksgiving Family Matching T-Shirt,https://m.media-amazon.com/images/I/71FMAq1bTnL._AC_UL320_.jpg,https://www.amazon.com/Coolest-Turkey-Thanksgiving-Matching-T-Shirt/dp/B09D8QVWXW/ref=sr_1_1942?dchild=1&keywords=thanksgiving&m=ATVPDKIKX0DER&qid=1630232740&refinements=p_6%3AATVPDKIKX0DER&s=apparel&sr=1-1942
Happy Fall Blessed Gnomes Pumpkin Autumn Thanksgiving T-Shirt,https://m.media-amazon.com/images/I/71EBCERlEYL._AC_UL320_.jpg,https://www.amazon.com/Happy-Fall-Blessed-Gnomes-Thanksgiving/dp/B09D8P4GRF/ref=sr_1_1949?dchild=1&keywords=thanksgiving&m=ATVPDKIKX0DER&qid=1630232740&refinements=p_6%3AATVPDKIKX0DER&s=apparel&sr=1-1949
Fall for Jesus Pumpkin Spice Grateful Thankfull Autumn T-Shirt,https://m.media-amazon.com/images/I/71i4Mmp6JHL._AC_UL320_.jpg,https://www.amazon.com/Pumpkin-Grateful-Thankfull-Autumn-T-Shirt/dp/B09D8QPNV1/ref=sr_1_1958?dchild=1&keywords=thanksgiving&m=ATVPDKIKX0DER&qid=1630232740&refinements=p_6%3AATVPDKIKX0DER&s=apparel&sr=1-1958
Happy Hallothanksmas Funny Reindeer Santa Turkey Owl T-Shirt,https://m.media-amazon.com/images/I/71FTQBfWjZL._AC_UL320_.jpg,https://www.amazon.com/Hallothanksmas-Reindeer-Turkey-Owl-T-Shirt/dp/B09D8PDY39/ref=sr_1_1968?dchild=1&keywords=thanksgiving&m=ATVPDKIKX0DER&qid=1630232740&refinements=p_6%3AATVPDKIKX0DER&s=apparel&sr=1-1968
Gobble Til You Wobble Thanksgiving Turkey Runner Running T-Shirt,https://m.media-amazon.com/images/I/71OP+NNp3WL._AC_UL320_.jpg,https://www.amazon.com/Gobble-Wobble-Thanksgiving-Turkey-Running/dp/B09DTPRP7X/ref=sr_1_51?dchild=1&keywords=thanksgiving&m=ATVPDKIKX0DER&qid=1630232744&refinements=p_6%3AATVPDKIKX0DER&s=apparel&sr=1-51
Turkey Girl Face Closed Eyes Tee Funny Thanksgiving Costume T-Shirt,https://m.media-amazon.com/images/I/51uHSHZgjgL._AC_UL320_.jpg,https://www.amazon.com/Turkey-Face-Funny-Thanksgiving-Costume/dp/B09DTPQX64/ref=sr_1_53?dchild=1&keywords=thanksgiving&m=ATVPDKIKX0DER&qid=1630232744&refinements=p_6%3AATVPDKIKX0DER&s=apparel&sr=1-53
Cute I'm The Mama Turkey Family Matching Thanksgiving T-Shirt,https://m.media-amazon.com/images/I/718tnpPfr2L._AC_UL320_.jpg,https://www.amazon.com/Turkey-Family-Matching-Thanksgiving-T-Shirt/dp/B09DTK7CTY/ref=sr_1_60?dchild=1&keywords=thanksgiving&m=ATVPDKIKX0DER&qid=1630232744&refinements=p_6%3AATVPDKIKX0DER&s=apparel&sr=1-60
Cute I'm The Loudest Turkey Family Matching Thanksgiving T-Shirt,https://m.media-amazon.com/images/I/71S7JH9l-OL._AC_UL320_.jpg,https://www.amazon.com/Loudest-Turkey-Family-Matching-Thanksgiving/dp/B09DTJHVPH/ref=sr_1_61?dchild=1&keywords=thanksgiving&m=ATVPDKIKX0DER&qid=1630232744&refinements=p_6%3AATVPDKIKX0DER&s=apparel&sr=1-61
Cute I'm The Coffee Turkey Family Matching Thanksgiving T-Shirt,https://m.media-amazon.com/images/I/71duncvBmTL._AC_UL320_.jpg,https://www.amazon.com/Turkey-Family-Matching-Thanksgiving-T-Shirt/dp/B09DTJC822/ref=sr_1_62?dchild=1&keywords=thanksgiving&m=ATVPDKIKX0DER&qid=1630232744&refinements=p_6%3AATVPDKIKX0DER&s=apparel&sr=1-62
Flowers Fall For Jesus He Never Leaves Thankful Thanksgiving T-Shirt,https://m.media-amazon.com/images/I/71EIh1pHybL._AC_UL320_.jpg,https://www.amazon.com/Flowers-Leaves-Thankful-Thanksgiving-T-Shirt/dp/B09DTJPD3Y/ref=sr_1_68?dchild=1&keywords=thanksgiving&m=ATVPDKIKX0DER&qid=1630232744&refinements=p_6%3AATVPDKIKX0DER&s=apparel&sr=1-68
Thankful Halloween gnomes Pumpkin Autumn Fall Patch Farm T-Shirt,https://m.media-amazon.com/images/I/710Y5GpkQKL._AC_UL320_.jpg,https://www.amazon.com/Thankful-Halloween-Pumpkin-Autumn-Fall/dp/B09DTJDVWN/ref=sr_1_71?dchild=1&keywords=thanksgiving&m=ATVPDKIKX0DER&qid=1630232744&refinements=p_6%3AATVPDKIKX0DER&s=apparel&sr=1-71
English Bulldog Mom Autumn Tree Thanksgiving Pumpkin T-Shirt,https://m.media-amazon.com/images/I/81-220Mv1eL._AC_UL320_.jpg,https://www.amazon.com/English-Bulldog-Thanksgiving-Pumpkin-T-Shirt/dp/B09DTCXWMH/ref=sr_1_75?dchild=1&keywords=thanksgiving&m=ATVPDKIKX0DER&qid=1630232744&refinements=p_6%3AATVPDKIKX0DER&s=apparel&sr=1-75
Leopard Pumpkin Print Plaid Gnomes Fall Autumn Thanksgiving T-Shirt,https://m.media-amazon.com/images/I/71H7Mgpk+8L._AC_UL320_.jpg,https://www.amazon.com/Leopard-Pumpkin-Gnomes-Autumn-Thanksgiving/dp/B09DT6TJ86/ref=sr_1_96?dchild=1&keywords=thanksgiving&m=ATVPDKIKX0DER&qid=1630232744&refinements=p_6%3AATVPDKIKX0DER&s=apparel&sr=1-96
Funny Unicorn Pumpkin Flower Floral Halloween Thanksgiving T-Shirt,https://m.media-amazon.com/images/I/61eCMWLRFoL._AC_UL320_.jpg,https://www.amazon.com/Unicorn-Pumpkin-Halloween-Thanksgiving-T-Shirt/dp/B09DSZ912N/ref=sr_1_107?dchild=1&keywords=thanksgiving&m=ATVPDKIKX0DER&qid=1630232746&refinements=p_6%3AATVPDKIKX0DER&s=apparel&sr=1-107
Turkey Rex Dino Dinosaur Funny Thanksgiving Day Thankfull T-Shirt,https://m.media-amazon.com/images/I/71crMwBQoDL._AC_UL320_.jpg,https://www.amazon.com/Turkey-Rex-Dino-Dinosaur-Thanksgiving/dp/B09DSYBPFY/ref=sr_1_110?dchild=1&keywords=thanksgiving&m=ATVPDKIKX0DER&qid=1630232746&refinements=p_6%3AATVPDKIKX0DER&s=apparel&sr=1-110
PUMPKIN Pi Pie Halloween Thanksgiving Pi Day Math Pi T-Shirt,https://m.media-amazon.com/images/I/610-n4RxW0L._AC_UL320_.jpg,https://www.amazon.com/PUMPKIN-Halloween-Thanksgiving-Math-T-Shirt/dp/B09DSVMN63/ref=sr_1_114?dchild=1&keywords=thanksgiving&m=ATVPDKIKX0DER&qid=1630232746&refinements=p_6%3AATVPDKIKX0DER&s=apparel&sr=1-114
Leopard Fall Autumn Vibes Thankful Teacher Life Thanksgiving T-Shirt,https://m.media-amazon.com/images/I/714FZUK4jnL._AC_UL320_.jpg,https://www.amazon.com/Fall-Vibes-Thankful-Teacher-Thanksgiving/dp/B09DSVKQ6Z/ref=sr_1_115?dchild=1&keywords=thanksgiving&m=ATVPDKIKX0DER&qid=1630232746&refinements=p_6%3AATVPDKIKX0DER&s=apparel&sr=1-115
Thanksgiving Turkey And Wine And I'm Feeling Fine Men Women T-Shirt,https://m.media-amazon.com/images/I/710lMXivDWL._AC_UL320_.jpg,https://www.amazon.com/Thanksgiving-Turkey-Wine-Feeling-T-Shirt/dp/B09DSRXBFL/ref=sr_1_118?dchild=1&keywords=thanksgiving&m=ATVPDKIKX0DER&qid=1630232746&refinements=p_6%3AATVPDKIKX0DER&s=apparel&sr=1-118
Turkey with Glasses T-Shirt T-Shirt,https://m.media-amazon.com/images/I/71y6+TUz7OL._AC_UL320_.jpg,https://www.amazon.com/Turkey-with-Glasses-T-Shirt/dp/B09DSPV786/ref=sr_1_125?dchild=1&keywords=thanksgiving&m=ATVPDKIKX0DER&qid=1630232746&refinements=p_6%3AATVPDKIKX0DER&s=apparel&sr=1-125
Thankful Rainbow Pumpkin Shirt T-Shirt,https://m.media-amazon.com/images/I/71VGAEjuJWL._AC_UL320_.jpg,https://www.amazon.com/Thankful-Rainbow-Pumpkin-Shirt-T-Shirt/dp/B09DSKJ5T7/ref=sr_1_126?dchild=1&keywords=thanksgiving&m=ATVPDKIKX0DER&qid=1630232746&refinements=p_6%3AATVPDKIKX0DER&s=apparel&sr=1-126
Happy Fall Y'all Pitbull Dog Thanksgiving Halloween T-Shirt,https://m.media-amazon.com/images/I/71u2tKgANBL._AC_UL320_.jpg,https://www.amazon.com/Fall-Pitbull-Thanksgiving-Halloween-T-Shirt/dp/B09DST6MDX/ref=sr_1_130?dchild=1&keywords=thanksgiving&m=ATVPDKIKX0DER&qid=1630232746&refinements=p_6%3AATVPDKIKX0DER&s=apparel&sr=1-130
Leopard Love Nurse Life Fall Vibes CNA life RN Thanksgiving T-Shirt,https://m.media-amazon.com/images/I/715KSaINasL._AC_UL320_.jpg,https://www.amazon.com/Leopard-Love-Nurse-Life-Thanksgiving/dp/B09DSPC1L9/ref=sr_1_132?dchild=1&keywords=thanksgiving&m=ATVPDKIKX0DER&qid=1630232746&refinements=p_6%3AATVPDKIKX0DER&s=apparel&sr=1-132
Fall For Jesus He Never Leaves Pumpkin Truck Thanksgiving T-Shirt,https://m.media-amazon.com/images/I/71uxaR-oC6L._AC_UL320_.jpg,https://www.amazon.com/Leaves-Pumpkin-Truck-Thanksgiving-T-Shirt/dp/B09DS4CPXN/ref=sr_1_134?dchild=1&keywords=thanksgiving&m=ATVPDKIKX0DER&qid=1630232746&refinements=p_6%3AATVPDKIKX0DER&s=apparel&sr=1-134
Thankful old English Thanksgiving merch for family. T-Shirt,https://m.media-amazon.com/images/I/61pm7102dFL._AC_UL320_.jpg,https://www.amazon.com/Thankful-English-Thanksgiving-family-T-Shirt/dp/B09DRRCXC3/ref=sr_1_143?dchild=1&keywords=thanksgiving&m=ATVPDKIKX0DER&qid=1630232746&refinements=p_6%3AATVPDKIKX0DER&s=apparel&sr=1-143
Gobble Til You Wobble Thanksgiving Turkey T-Shirt,https://m.media-amazon.com/images/I/71sBWDjjAjL._AC_UL320_.jpg,https://www.amazon.com/Gobble-Wobble-Thanksgiving-Turkey-T-Shirt/dp/B09DR5T4Z8/ref=sr_1_145?dchild=1&keywords=thanksgiving&m=ATVPDKIKX0DER&qid=1630232748&refinements=p_6%3AATVPDKIKX0DER&s=apparel&sr=1-145
Just A Girl Who Loves Pumpkin Spice Latte Fall Thanksgiving T-Shirt,https://m.media-amazon.com/images/I/71Z34XcPfxL._AC_UL320_.jpg,https://www.amazon.com/Loves-Pumpkin-Fall-Thanksgiving-T-Shirt/dp/B09DR9BHLD/ref=sr_1_148?dchild=1&keywords=thanksgiving&m=ATVPDKIKX0DER&qid=1630232748&refinements=p_6%3AATVPDKIKX0DER&s=apparel&sr=1-148
Funny Pregnancy Thanksgiving graphic tee Little Turkey In Th T-Shirt,https://m.media-amazon.com/images/I/612krk06PIL._AC_UL320_.jpg,https://www.amazon.com/Pregnancy-Thanksgiving-graphic-Little-T-Shirt/dp/B09DR12X24/ref=sr_1_153?dchild=1&keywords=thanksgiving&m=ATVPDKIKX0DER&qid=1630232748&refinements=p_6%3AATVPDKIKX0DER&s=apparel&sr=1-153
Gnomes Lover Halloween Merry Christmas Happy Hallothanksmas T-Shirt,https://m.media-amazon.com/images/I/71PzSSrtViL._AC_UL320_.jpg,https://www.amazon.com/Gnomes-Halloween-Christmas-Hallothanksmas-T-Shirt/dp/B09DQZP4XW/ref=sr_1_156?dchild=1&keywords=thanksgiving&m=ATVPDKIKX0DER&qid=1630232748&refinements=p_6%3AATVPDKIKX0DER&s=apparel&sr=1-156
If you like my pumpkins See my pie Thanksgiving T-Shirt,https://m.media-amazon.com/images/I/71cJ48Vzo+L._AC_UL320_.jpg,https://www.amazon.com/you-like-pumpkins-Thanksgiving-T-Shirt/dp/B09DQZ3535/ref=sr_1_161?dchild=1&keywords=thanksgiving&m=ATVPDKIKX0DER&qid=1630232748&refinements=p_6%3AATVPDKIKX0DER&s=apparel&sr=1-161
One Thankful Mimi - New Grandmother Thanksgiving Grandma T-Shirt,https://m.media-amazon.com/images/I/71fBNobWEYL._AC_UL320_.jpg,https://www.amazon.com/One-Thankful-Mimi-Grandmother-Thanksgiving/dp/B09DQ8BW1M/ref=sr_1_179?dchild=1&keywords=thanksgiving&m=ATVPDKIKX0DER&qid=1630232748&refinements=p_6%3AATVPDKIKX0DER&s=apparel&sr=1-179
Thankful Grateful Blessed Nurse Plaid Turkey Thanksgiving T-Shirt,https://m.media-amazon.com/images/I/71gsaBwjFvL._AC_UL320_.jpg,https://www.amazon.com/Thankful-Grateful-Nurse-Turkey-Thanksgiving/dp/B09DQ36QJY/ref=sr_1_202?dchild=1&keywords=thanksgiving&m=ATVPDKIKX0DER&qid=1630232749&refinements=p_6%3AATVPDKIKX0DER&s=apparel&sr=1-202
Turkey Thanksgiving T-Shirt,https://m.media-amazon.com/images/I/71SSOsno+-L._AC_UL320_.jpg,https://www.amazon.com/Thankful-Grateful-Blessed-Nurse-Plaid/dp/B09DPQ449H/ref=sr_1_239?dchild=1&keywords=thanksgiving&m=ATVPDKIKX0DER&qid=1630232749&refinements=p_6%3AATVPDKIKX0DER&s=apparel&sr=1-239
Funny Pregnancy Thanksgiving graphic tee Future Yout Team Fa T-Shirt,https://m.media-amazon.com/images/I/61zphdXo7nL._AC_UL320_.jpg,https://www.amazon.com/Pregnancy-Thanksgiving-graphic-Future-T-Shirt/dp/B09DPNSWDQ/ref=sr_1_244?dchild=1&keywords=thanksgiving&m=ATVPDKIKX0DER&qid=1630232751&refinements=p_6%3AATVPDKIKX0DER&s=apparel&sr=1-244
I Paused My Game To Celebrate Thanksgiving Turkey T-Shirt,https://m.media-amazon.com/images/I/71ulwmGzoqL._AC_UL320_.jpg,https://www.amazon.com/Paused-Game-Celebrate-Thanksgiving-Turkey/dp/B09DPJDKC6/ref=sr_1_249?dchild=1&keywords=thanksgiving&m=ATVPDKIKX0DER&qid=1630232751&refinements=p_6%3AATVPDKIKX0DER&s=apparel&sr=1-249
"In a world full of pumpkins be a gourd, Thanksgiving, Fall T-Shirt",https://m.media-amazon.com/images/I/61Md8nbJaGL._AC_UL320_.jpg,https://www.amazon.com/world-pumpkins-gourd-Thanksgiving-T-Shirt/dp/B09DPJM869/ref=sr_1_255?dchild=1&keywords=thanksgiving&m=ATVPDKIKX0DER&qid=1630232751&refinements=p_6%3AATVPDKIKX0DER&s=apparel&sr=1-255
Leg Day is the Best Day Shirt Thanksgiving Best Leg Day Ever T-Shirt,https://m.media-amazon.com/images/I/61t8SkHsmuL._AC_UL320_.jpg,https://www.amazon.com/Leg-Day-Best-Thanksgiving-T-Shirt/dp/B09DP7755J/ref=sr_1_263?dchild=1&keywords=thanksgiving&m=ATVPDKIKX0DER&qid=1630232751&refinements=p_6%3AATVPDKIKX0DER&s=apparel&sr=1-263
Gnomes Lover Halloween Merry Christmas Happy Hallothanksmas T-Shirt,https://m.media-amazon.com/images/I/71iZeZZ42+L._AC_UL320_.jpg,https://www.amazon.com/Gnomes-Lover-Halloween-Christmas-Hallothanksmas/dp/B09DPDSD9G/ref=sr_1_291?dchild=1&keywords=thanksgiving&m=ATVPDKIKX0DER&qid=1630232752&refinements=p_6%3AATVPDKIKX0DER&s=apparel&sr=1-291
Thankful Grateful Joyful Blessed T-Shirt Inspirational T-Shirt,https://m.media-amazon.com/images/I/71bbOV5qfpL._AC_UL320_.jpg,https://www.amazon.com/Thankful-Grateful-Blessed-T-Shirt-Inspirational/dp/B09DNL47Y1/ref=sr_1_296?dchild=1&keywords=thanksgiving&m=ATVPDKIKX0DER&qid=1630232752&refinements=p_6%3AATVPDKIKX0DER&s=apparel&sr=1-296
One Thankful Registered Nurse Thanksiving Blessed Teacher T-Shirt,https://m.media-amazon.com/images/I/81C2xBNwboL._AC_UL320_.jpg,https://www.amazon.com/Thankful-Registered-Thanksiving-Blessed-Teacher/dp/B09DP28GFX/ref=sr_1_301?dchild=1&keywords=thanksgiving&m=ATVPDKIKX0DER&qid=1630232752&refinements=p_6%3AATVPDKIKX0DER&s=apparel&sr=1-301
Pumpkin Spice And Everything Nice Autumn Thanksgiving T-Shirt,https://m.media-amazon.com/images/I/711xbGzyQiL._AC_UL320_.jpg,https://www.amazon.com/Pumpkin-Everything-Autumn-Thanksgiving-T-Shirt/dp/B09DP3G1TV/ref=sr_1_306?dchild=1&keywords=thanksgiving&m=ATVPDKIKX0DER&qid=1630232752&refinements=p_6%3AATVPDKIKX0DER&s=apparel&sr=1-306
Happy Halloween Shiba Inu Dog Pumpkin Costumes Thanksgiving T-Shirt,https://m.media-amazon.com/images/I/71rtckWDh+L._AC_UL320_.jpg,https://www.amazon.com/Happy-Halloween-Dog-Pumpkin-Thanksgiving/dp/B09DLH4ZQ5/ref=sr_1_362?dchild=1&keywords=thanksgiving&m=ATVPDKIKX0DER&qid=1630232754&refinements=p_6%3AATVPDKIKX0DER&s=apparel&sr=1-362
Thankful Grateful Blessed Pumpkin Spice Thanksgiving T-Shirt,https://m.media-amazon.com/images/I/71ruYuhgvCL._AC_UL320_.jpg,https://www.amazon.com/Thankful-Grateful-Pumpkin-Spice-Thanksgiving/dp/B09DM173SP/ref=sr_1_364?dchild=1&keywords=thanksgiving&m=ATVPDKIKX0DER&qid=1630232754&refinements=p_6%3AATVPDKIKX0DER&s=apparel&sr=1-364
Scarecrow Autumn Hello Fall Pumpkin Thanksgiving Halloween T-Shirt,https://m.media-amazon.com/images/I/717qni2-9pL._AC_UL320_.jpg,https://www.amazon.com/Scarecrow-Autumn-Fall-Pumpkin-Thanksgiving/dp/B09DLBPGHL/ref=sr_1_385?dchild=1&keywords=thanksgiving&m=ATVPDKIKX0DER&qid=1630232756&refinements=p_6%3AATVPDKIKX0DER&s=apparel&sr=1-385
"Thanksgiving Pilgrim Costume, Thankful Turkey Women Girl Kid T-Shirt",https://m.media-amazon.com/images/I/61D0zLA2iFL._AC_UL320_.jpg,https://www.amazon.com/Thanksgiving-Thankful-Turkey-Women-Kid/dp/B09DLB5BPK/ref=sr_1_389?dchild=1&keywords=thanksgiving&m=ATVPDKIKX0DER&qid=1630232756&refinements=p_6%3AATVPDKIKX0DER&s=apparel&sr=1-389
I'm Ready To Crush 2nd Grade Turkey Thanksgiving T-Shirt,https://m.media-amazon.com/images/I/71GCtGIyo0L._AC_UL320_.jpg,https://www.amazon.com/Ready-Crush-2nd-Grade-Thanksgiving/dp/B09DLFVJ49/ref=sr_1_390?dchild=1&keywords=thanksgiving&m=ATVPDKIKX0DER&qid=1630232756&refinements=p_6%3AATVPDKIKX0DER&s=apparel&sr=1-390
Happy Fall Y'all Thanksgiving Shar Pei Pilgrim Dog Paw Fall T-Shirt,https://m.media-amazon.com/images/I/710Yz6pMbxL._AC_UL320_.jpg,https://www.amazon.com/Happy-Fall-Yall-Thanksgiving-Shar/dp/B09DL6CMM4/ref=sr_1_411?dchild=1&keywords=thanksgiving&m=ATVPDKIKX0DER&qid=1630232756&refinements=p_6%3AATVPDKIKX0DER&s=apparel&sr=1-411
Happy Fall Y'all Thanksgiving Chihuahua Pilgrim Dog Paw Fall T-Shirt,https://m.media-amazon.com/images/I/713FGrncjwL._AC_UL320_.jpg,https://www.amazon.com/Happy-Fall-Yall-Thanksgiving-Chihuahua/dp/B09DL3GGKL/ref=sr_1_417?dchild=1&keywords=thanksgiving&m=ATVPDKIKX0DER&qid=1630232756&refinements=p_6%3AATVPDKIKX0DER&s=apparel&sr=1-417
Happy Hallothanksmas T-Shirt,https://m.media-amazon.com/images/I/71z94f2MEjL._AC_UL320_.jpg,https://www.amazon.com/Penguin-Halloween-Merry-Christmas-Hallothanksmas/dp/B09DL12XVV/ref=sr_1_421?dchild=1&keywords=thanksgiving&m=ATVPDKIKX0DER&qid=1630232756&refinements=p_6%3AATVPDKIKX0DER&s=apparel&sr=1-421
Just A Girl Who Loves Basset Hound And Fall Thanksgiving T-Shirt,https://m.media-amazon.com/images/I/81SoxYR4t7L._AC_UL320_.jpg,https://www.amazon.com/Basset-Hound-Fall-Thanksgiving-T-Shirt/dp/B09DKXF5RM/ref=sr_1_429?dchild=1&keywords=thanksgiving&m=ATVPDKIKX0DER&qid=1630232756&refinements=p_6%3AATVPDKIKX0DER&s=apparel&sr=1-429
Just A Girl Who Loves Greyhound And Fall Thanksgiving T-Shirt,https://m.media-amazon.com/images/I/81vhtvGd9VL._AC_UL320_.jpg,https://www.amazon.com/Loves-Greyhound-Fall-Thanksgiving-T-Shirt/dp/B09DKWXMV3/ref=sr_1_436?dchild=1&keywords=thanksgiving&m=ATVPDKIKX0DER&qid=1630232757&refinements=p_6%3AATVPDKIKX0DER&s=apparel&sr=1-436
Fall Vibes And That CNA Nurse Life Nurse Fall Thanksgiving T-Shirt,https://m.media-amazon.com/images/I/71AqTxIS3pL._AC_UL320_.jpg,https://www.amazon.com/Fall-CNA-Nurse-Thanksgiving-T-Shirt/dp/B09DKTTBF6/ref=sr_1_437?dchild=1&keywords=thanksgiving&m=ATVPDKIKX0DER&qid=1630232757&refinements=p_6%3AATVPDKIKX0DER&s=apparel&sr=1-437
Thankful Boho Rainbow Tee Fall Pumpkin Thanksgiving Item T-Shirt,https://m.media-amazon.com/images/I/61bMLBqxPjL._AC_UL320_.jpg,https://www.amazon.com/Thankful-Rainbow-Pumpkin-Thanksgiving-T-Shirt/dp/B09DKRFYNY/ref=sr_1_439?dchild=1&keywords=thanksgiving&m=ATVPDKIKX0DER&qid=1630232757&refinements=p_6%3AATVPDKIKX0DER&s=apparel&sr=1-439
Just A Girl Who Loves Pug And Fall Thanksgiving T-Shirt,https://m.media-amazon.com/images/I/812nlFB7Z9L._AC_UL320_.jpg,https://www.amazon.com/Loves-Pug-Fall-Thanksgiving-T-Shirt/dp/B09DKTNL71/ref=sr_1_441?dchild=1&keywords=thanksgiving&m=ATVPDKIKX0DER&qid=1630232757&refinements=p_6%3AATVPDKIKX0DER&s=apparel&sr=1-441
Funny Pregnancy Thanksgiving graphic tee Mama in the Making T-Shirt,https://m.media-amazon.com/images/I/61AXbXdZxAL._AC_UL320_.jpg,https://www.amazon.com/Pregnancy-Thanksgiving-graphic-Making-T-Shirt/dp/B09DKTRW9H/ref=sr_1_444?dchild=1&keywords=thanksgiving&m=ATVPDKIKX0DER&qid=1630232757&refinements=p_6%3AATVPDKIKX0DER&s=apparel&sr=1-444
Bleached 4th Grade Teacher Life Messy Bun Fall Thanksgiving T-Shirt,https://m.media-amazon.com/images/I/71LyN5p55QL._AC_UL320_.jpg,https://www.amazon.com/Bleached-Grade-Teacher-Fall-Thanksgiving/dp/B09DKRK3Y5/ref=sr_1_448?dchild=1&keywords=thanksgiving&m=ATVPDKIKX0DER&qid=1630232757&refinements=p_6%3AATVPDKIKX0DER&s=apparel&sr=1-448
Bleached First 1st Grade Teacher Messy Bun Fall Thanksgiving T-Shirt,https://m.media-amazon.com/images/I/71Hh2RWYKaL._AC_UL320_.jpg,https://www.amazon.com/1st-Grade-Teacher-Fall-Thanksgiving/dp/B09DKMV7QS/ref=sr_1_459?dchild=1&keywords=thanksgiving&m=ATVPDKIKX0DER&qid=1630232757&refinements=p_6%3AATVPDKIKX0DER&s=apparel&sr=1-459
Little Miss Pumpkin Spice Cute Pumpkin Happy Thanksgiving T-Shirt,https://m.media-amazon.com/images/I/618CI0zurlL._AC_UL320_.jpg,https://www.amazon.com/Little-Pumpkin-Spice-Thanksgiving-T-Shirt/dp/B09DKGNS8L/ref=sr_1_461?dchild=1&keywords=thanksgiving&m=ATVPDKIKX0DER&qid=1630232757&refinements=p_6%3AATVPDKIKX0DER&s=apparel&sr=1-461
It's Fall Y'all Heeler Autumn Truck Thanksgiving Pumpkin T-Shirt,https://m.media-amazon.com/images/I/71DcbWnPgcL._AC_UL320_.jpg,https://www.amazon.com/Fall-Yall-Heeler-Autumn-Thanksgiving/dp/B09DKHHZHC/ref=sr_1_462?dchild=1&keywords=thanksgiving&m=ATVPDKIKX0DER&qid=1630232757&refinements=p_6%3AATVPDKIKX0DER&s=apparel&sr=1-462
Gnomes Lover Halloween Merry Christmas Happy Hallothanksmas T-Shirt,https://m.media-amazon.com/images/I/712M+xtfI1L._AC_UL320_.jpg,https://www.amazon.com/Gnomes-Halloween-Christmas-Happy-Hallothanksmas/dp/B09DK7JYCP/ref=sr_1_479?dchild=1&keywords=thanksgiving&m=ATVPDKIKX0DER&qid=1630232757&refinements=p_6%3AATVPDKIKX0DER&s=apparel&sr=1-479
Funny ICU Nurse Leopard Turkey Leopard Nursing Thanksgiving T-Shirt,https://m.media-amazon.com/images/I/716mUn+4S2L._AC_UL320_.jpg,https://www.amazon.com/Funny-Leopard-Turkey-Nursing-Thanksgiving/dp/B09DKCMTP6/ref=sr_1_484?dchild=1&keywords=thanksgiving&m=ATVPDKIKX0DER&qid=1630232759&refinements=p_6%3AATVPDKIKX0DER&s=apparel&sr=1-484
Happy Halloween Golden Dog Pumpkin Costumes Thanksgiving T-Shirt,https://m.media-amazon.com/images/I/710ZtqoxcQL._AC_UL320_.jpg,https://www.amazon.com/Happy-Halloween-Dog-Pumpkin-Thanksgiving/dp/B09DK6PF7W/ref=sr_1_488?dchild=1&keywords=thanksgiving&m=ATVPDKIKX0DER&qid=1630232759&refinements=p_6%3AATVPDKIKX0DER&s=apparel&sr=1-488
Happy Halloween Corgi Dog Pumpkin Costumes Thanksgiving T-Shirt,https://m.media-amazon.com/images/I/71bFC5lzGOL._AC_UL320_.jpg,https://www.amazon.com/Happy-Halloween-Dog-Pumpkin-Thanksgiving/dp/B09DK6HSYC/ref=sr_1_495?dchild=1&keywords=thanksgiving&m=ATVPDKIKX0DER&qid=1630232759&refinements=p_6%3AATVPDKIKX0DER&s=apparel&sr=1-495
Happy Halloween Pug Dog Pumpkin Costumes Thanksgiving T-Shirt,https://m.media-amazon.com/images/I/71QXBOY1X6L._AC_UL320_.jpg,https://www.amazon.com/Happy-Halloween-Dog-Pumpkin-Thanksgiving/dp/B09DK6L11X/ref=sr_1_498?dchild=1&keywords=thanksgiving&m=ATVPDKIKX0DER&qid=1630232759&refinements=p_6%3AATVPDKIKX0DER&s=apparel&sr=1-498
My Favorite Turkeys Call Me Mimi Thanksgiving I'm Thankful T-Shirt,https://m.media-amazon.com/images/I/71VV6vflvsL._AC_UL320_.jpg,https://www.amazon.com/Favorite-Turkeys-Call-Me-Thanksgiving/dp/B09DK1P1BB/ref=sr_1_513?dchild=1&keywords=thanksgiving&m=ATVPDKIKX0DER&qid=1630232759&refinements=p_6%3AATVPDKIKX0DER&s=apparel&sr=1-513
Funny Thanksgiving teacher One Thankful Teacher Thanksgiving T-Shirt,https://m.media-amazon.com/images/I/61BF8BaMu2L._AC_UL320_.jpg,https://www.amazon.com/Thanksgiving-teacher-Thankful-Teacher-T-Shirt/dp/B09DK2FFB2/ref=sr_1_537?dchild=1&keywords=thanksgiving&m=ATVPDKIKX0DER&qid=1630232760&refinements=p_6%3AATVPDKIKX0DER&s=apparel&sr=1-537
it wouldn't be Thanksgiving without emotional scarring Quote T-Shirt,https://m.media-amazon.com/images/I/61PAQfsnoOL._AC_UL320_.jpg,https://www.amazon.com/wouldnt-Thanksgiving-emotional-scarring-Quote/dp/B09DJMNCL8/ref=sr_1_543?dchild=1&keywords=thanksgiving&m=ATVPDKIKX0DER&qid=1630232760&refinements=p_6%3AATVPDKIKX0DER&s=apparel&sr=1-543
Funny Pregnancy Thanksgiving graphic tee Nope Still Not Preg T-Shirt,https://m.media-amazon.com/images/I/61kRTR4LwPL._AC_UL320_.jpg,https://www.amazon.com/Funny-Pregnancy-Thanksgiving-graphic-T-Shirt/dp/B09DJJPV3P/ref=sr_1_544?dchild=1&keywords=thanksgiving&m=ATVPDKIKX0DER&qid=1630232760&refinements=p_6%3AATVPDKIKX0DER&s=apparel&sr=1-544
"Thanksgiving It's Leg Day Apparel, Turkey Fitness Men Women T-Shirt",https://m.media-amazon.com/images/I/71pkDKRxq4L._AC_UL320_.jpg,https://www.amazon.com/Thanksgiving-Apparel-Turkey-Men-Women/dp/B09DJ2FGFQ/ref=sr_1_562?dchild=1&keywords=thanksgiving&m=ATVPDKIKX0DER&qid=1630232760&refinements=p_6%3AATVPDKIKX0DER&s=apparel&sr=1-562
One Thankful CMA Nurse Thanksiving Blessed Teacher T-Shirt,https://m.media-amazon.com/images/I/81CgdVxE9nL._AC_UL320_.jpg,https://www.amazon.com/Thankful-Thanksiving-Blessed-Teacher-T-Shirt/dp/B09DJB6MD6/ref=sr_1_568?dchild=1&keywords=thanksgiving&m=ATVPDKIKX0DER&qid=1630232760&refinements=p_6%3AATVPDKIKX0DER&s=apparel&sr=1-568
It's Fall Y'all Dachshund Pumpkin Fall Autumn Thanksgiving T-Shirt,https://m.media-amazon.com/images/I/71PfhE5GHBL._AC_UL320_.jpg,https://www.amazon.com/Fall-Yall-Dachshund-Pumpkin-Thanksgiving/dp/B09DJQQ8S3/ref=sr_1_570?dchild=1&keywords=thanksgiving&m=ATVPDKIKX0DER&qid=1630232760&refinements=p_6%3AATVPDKIKX0DER&s=apparel&sr=1-570
Peace Loves Chihuahua Autumn Leaves Thanksgiving T-Shirt,https://m.media-amazon.com/images/I/71qB-HrV55L._AC_UL320_.jpg,https://www.amazon.com/Chihuahua-Autumn-Leaves-Thanksgiving-T-Shirt/dp/B09DHYNXNP/ref=sr_1_571?dchild=1&keywords=thanksgiving&m=ATVPDKIKX0DER&qid=1630232760&refinements=p_6%3AATVPDKIKX0DER&s=apparel&sr=1-571
One Thankful NICU Nurse Thanksiving Blessed Teacher T-Shirt,https://m.media-amazon.com/images/I/81uFsPsNsiL._AC_UL320_.jpg,https://www.amazon.com/Thankful-Thanksiving-Blessed-Teacher-T-Shirt/dp/B09DHVFQVC/ref=sr_1_580?dchild=1&keywords=thanksgiving&m=ATVPDKIKX0DER&qid=1630232762&refinements=p_6%3AATVPDKIKX0DER&s=apparel&sr=1-580
One Thankful PCA Nurse Thanksiving Blessed Teacher T-Shirt,https://m.media-amazon.com/images/I/816Tys3ZSyL._AC_UL320_.jpg,https://www.amazon.com/Thankful-Thanksiving-Blessed-Teacher-T-Shirt/dp/B09DHH22MS/ref=sr_1_581?dchild=1&keywords=thanksgiving&m=ATVPDKIKX0DER&qid=1630232762&refinements=p_6%3AATVPDKIKX0DER&s=apparel&sr=1-581
It's Fall Y'all Doberman Autumn Truck Thanksgiving Pumpkin T-Shirt,https://m.media-amazon.com/images/I/71cE5OgPQJL._AC_UL320_.jpg,https://www.amazon.com/Fall-Yall-Doberman-Autumn-Thanksgiving/dp/B09DGRL14M/ref=sr_1_611?dchild=1&keywords=thanksgiving&m=ATVPDKIKX0DER&qid=1630232762&refinements=p_6%3AATVPDKIKX0DER&s=apparel&sr=1-611
Grateful Thankful Blessed Activity Aide Thanksgiving T-Shirt,https://m.media-amazon.com/images/I/7165IeX73YL._AC_UL320_.jpg,https://www.amazon.com/Grateful-Thankful-Blessed-Activity-Thanksgiving/dp/B09DGSWPH9/ref=sr_1_612?dchild=1&keywords=thanksgiving&m=ATVPDKIKX0DER&qid=1630232762&refinements=p_6%3AATVPDKIKX0DER&s=apparel&sr=1-612
2mlm It Is Fall Yall Leopard Pumpkin Fall Autumn Thankful T-Shirt,https://m.media-amazon.com/images/I/715UFQ5hklL._AC_UL320_.jpg,https://www.amazon.com/Leopard-Pumpkin-Autumn-Thankful-T-Shirt/dp/B09DGMSJTM/ref=sr_1_642?dchild=1&keywords=thanksgiving&m=ATVPDKIKX0DER&qid=1630232763&refinements=p_6%3AATVPDKIKX0DER&s=apparel&sr=1-642
I Love Being A Grandma Messy Bun Hair Thankful Thanksgiving T-Shirt,https://m.media-amazon.com/images/I/71ZzlNLx3vL._AC_UL320_.jpg,https://www.amazon.com/Love-Being-Grandma-Messy-Thanksgiving/dp/B09DGKQQWQ/ref=sr_1_665?dchild=1&keywords=thanksgiving&m=ATVPDKIKX0DER&qid=1630232763&refinements=p_6%3AATVPDKIKX0DER&s=apparel&sr=1-665
I'm the Nurse Turkey Funny Thanksgiving T-Shirt,https://m.media-amazon.com/images/I/71c3fmSpZCL._AC_UL320_.jpg,https://www.amazon.com/Nurse-Turkey-Funny-Thanksgiving-T-Shirt/dp/B09DGHPC82/ref=sr_1_673?dchild=1&keywords=thanksgiving&m=ATVPDKIKX0DER&qid=1630232765&refinements=p_6%3AATVPDKIKX0DER&s=apparel&sr=1-673
Thanksgiving With My Gnome Love Truck Gnome Love T-Shirt,https://m.media-amazon.com/images/I/716ExvQAmJL._AC_UL320_.jpg,https://www.amazon.com/Thanksgiving-Gnome-Love-Truck-T-Shirt/dp/B09DGL38PG/ref=sr_1_675?dchild=1&keywords=thanksgiving&m=ATVPDKIKX0DER&qid=1630232765&refinements=p_6%3AATVPDKIKX0DER&s=apparel&sr=1-675
Peace Love Pumpkin Spice Fall Halloween Thanksgiving T-Shirt,https://m.media-amazon.com/images/I/71n0H-quIcL._AC_UL320_.jpg,https://www.amazon.com/Peace-Love-Pumpkin-Halloween-Thanksgiving/dp/B09DG99CDD/ref=sr_1_722?dchild=1&keywords=thanksgiving&m=ATVPDKIKX0DER&qid=1630232766&refinements=p_6%3AATVPDKIKX0DER&s=apparel&sr=1-722
Vintage Halloween Leopard Pumpkin Autumn Thanksgiving Blue T-Shirt,https://m.media-amazon.com/images/I/61cAlw1L0KL._AC_UL320_.jpg,https://www.amazon.com/Vintage-Halloween-Leopard-Pumpkin-Thanksgiving/dp/B09DG7V8QX/ref=sr_1_736?dchild=1&keywords=thanksgiving&m=ATVPDKIKX0DER&qid=1630232766&refinements=p_6%3AATVPDKIKX0DER&s=apparel&sr=1-736
Blessed Thankful Grateful Thanksgiving Day Leopard Pumpkin T-Shirt,https://m.media-amazon.com/images/I/81sZu1Yej0L._AC_UL320_.jpg,https://www.amazon.com/Blessed-Thankful-Grateful-Leopard-Pumpkin/dp/B09DG3XB24/ref=sr_1_752?dchild=1&keywords=thanksgiving&m=ATVPDKIKX0DER&qid=1630232766&refinements=p_6%3AATVPDKIKX0DER&s=apparel&sr=1-752
Happy Thanksgiving Matching Blessed Thankful Grateful T-Shirt,https://m.media-amazon.com/images/I/71m75afDwhL._AC_UL320_.jpg,https://www.amazon.com/Thanksgiving-Matching-Blessed-Thankful-Grateful/dp/B09DG5WSB8/ref=sr_1_753?dchild=1&keywords=thanksgiving&m=ATVPDKIKX0DER&qid=1630232766&refinements=p_6%3AATVPDKIKX0DER&s=apparel&sr=1-753
Turkey Cousin Crew - Thanksgiving Family Member Cousins T-Shirt,https://m.media-amazon.com/images/I/61IWIASoQML._AC_UL320_.jpg,https://www.amazon.com/Turkey-Cousin-Crew-Thanksgiving-Cousins/dp/B09DG1RJL4/ref=sr_1_766?dchild=1&keywords=thanksgiving&m=ATVPDKIKX0DER&qid=1630232766&refinements=p_6%3AATVPDKIKX0DER&s=apparel&sr=1-766
Fall For Jesus He Never Leaves Pumpkin Truck Thanksgiving T-Shirt,https://m.media-amazon.com/images/I/71+ISAloXzL._AC_UL320_.jpg,https://www.amazon.com/Jesus-Leaves-Pumpkin-Thanksgiving-T-Shirt/dp/B09DFYYQ47/ref=sr_1_767?dchild=1&keywords=thanksgiving&m=ATVPDKIKX0DER&qid=1630232766&refinements=p_6%3AATVPDKIKX0DER&s=apparel&sr=1-767
Pink Gnome Breast Cancer Awareness Thanksgiving Chrismast T-Shirt,https://m.media-amazon.com/images/I/61j2uGF4KlL._AC_UL320_.jpg,https://www.amazon.com/Pink-Breast-Cancer-Awareness-Thanksgiving/dp/B09DFVR7GN/ref=sr_1_773?dchild=1&keywords=thanksgiving&m=ATVPDKIKX0DER&qid=1630232768&refinements=p_6%3AATVPDKIKX0DER&s=apparel&sr=1-773
Happy Thanksgiving Day Chihuahua Funny Turkey T-Shirt,https://m.media-amazon.com/images/I/719xuUgIsyL._AC_UL320_.jpg,https://www.amazon.com/Happy-Thanksgiving-Chihuahua-Turkey-T-Shirt/dp/B09DFT6XNL/ref=sr_1_778?dchild=1&keywords=thanksgiving&m=ATVPDKIKX0DER&qid=1630232768&refinements=p_6%3AATVPDKIKX0DER&s=apparel&sr=1-778
Thankful For My Turkeys Kindergarten Teacher Thanksgiving T-Shirt,https://m.media-amazon.com/images/I/717WU4Jc+wL._AC_UL320_.jpg,https://www.amazon.com/Thankful-Turkeys-Kindergarten-Teacher-Thanksgiving/dp/B09DFKG9NX/ref=sr_1_779?dchild=1&keywords=thanksgiving&m=ATVPDKIKX0DER&qid=1630232768&refinements=p_6%3AATVPDKIKX0DER&s=apparel&sr=1-779
Love Cardiac Nurse Leopard Turkey Nursing Thanksgiving T-Shirt,https://m.media-amazon.com/images/I/71wVH0vV3UL._AC_UL320_.jpg,https://www.amazon.com/Love-Cardiac-Leopard-Nursing-Thanksgiving/dp/B09DFRTV55/ref=sr_1_780?dchild=1&keywords=thanksgiving&m=ATVPDKIKX0DER&qid=1630232768&refinements=p_6%3AATVPDKIKX0DER&s=apparel&sr=1-780
Fall for Jesus Christ Autumn Pumpkin Spice Blessed Thankfull T-Shirt,https://m.media-amazon.com/images/I/714WbwqYC-L._AC_UL320_.jpg,https://www.amazon.com/Christ-Pumpkin-Blessed-Thankfull-T-Shirt/dp/B09DFD28QL/ref=sr_1_831?dchild=1&keywords=thanksgiving&m=ATVPDKIKX0DER&qid=1630232769&refinements=p_6%3AATVPDKIKX0DER&s=apparel&sr=1-831
Gnomes Pumpkin Autumn Funny Thanksgiving Christmas Costume T-Shirt,https://m.media-amazon.com/images/I/71RBM6BJ6WL._AC_UL320_.jpg,https://www.amazon.com/Pumpkin-Funny-Thanksgiving-Christmas-Costume/dp/B09DFLY9HK/ref=sr_1_847?dchild=1&keywords=thanksgiving&m=ATVPDKIKX0DER&qid=1630232769&refinements=p_6%3AATVPDKIKX0DER&s=apparel&sr=1-847
Fall On the Farm Turkey Thanksgiving Holiday Decor T-Shirt,https://m.media-amazon.com/images/I/618hOjlG54L._AC_UL320_.jpg,https://www.amazon.com/Fall-Turkey-Thanksgiving-Holiday-T-Shirt/dp/B09DDJJ6F6/ref=sr_1_857?dchild=1&keywords=thanksgiving&m=ATVPDKIKX0DER&qid=1630232769&refinements=p_6%3AATVPDKIKX0DER&s=apparel&sr=1-857
Thankful For My Patients Thanksgiving Turkey Nurse Costume T-Shirt,https://m.media-amazon.com/images/I/71kCtOLVKtL._AC_UL320_.jpg,https://www.amazon.com/Thankful-Patients-Thanksgiving-Costume-T-Shirt/dp/B09DD9VRCR/ref=sr_1_899?dchild=1&keywords=thanksgiving&m=ATVPDKIKX0DER&qid=1630232771&refinements=p_6%3AATVPDKIKX0DER&s=apparel&sr=1-899
Chillin With My Turkeys Thanksgiving Matching Family Costume T-Shirt,https://m.media-amazon.com/images/I/71RNVj0L9kL._AC_UL320_.jpg,https://www.amazon.com/Chillin-Turkeys-Thanksgiving-Matching-Costume/dp/B09DDC174B/ref=sr_1_900?dchild=1&keywords=thanksgiving&m=ATVPDKIKX0DER&qid=1630232771&refinements=p_6%3AATVPDKIKX0DER&s=apparel&sr=1-900
Happy Hallothanksmas Funny Gnomes Autumn Fall Witch Xmas T-Shirt,https://m.media-amazon.com/images/I/71HjtRsrL5L._AC_UL320_.jpg,https://www.amazon.com/Happy-Hallothanksmas-Gnomes-Autumn-T-Shirt/dp/B09DD72HPS/ref=sr_1_925?dchild=1&keywords=thanksgiving&m=ATVPDKIKX0DER&qid=1630232772&refinements=p_6%3AATVPDKIKX0DER&s=apparel&sr=1-925
"Funny Guess What, Turkey Butt Thanksgiving 2021 Trending tee T-Shirt",https://m.media-amazon.com/images/I/61wqpB1wIsL._AC_UL320_.jpg,https://www.amazon.com/Funny-Turkey-Thanksgiving-Trending-T-Shirt/dp/B09DD73V6V/ref=sr_1_942?dchild=1&keywords=thanksgiving&m=ATVPDKIKX0DER&qid=1630232772&refinements=p_6%3AATVPDKIKX0DER&s=apparel&sr=1-942
Wine Nutrition Facts Label Thanksgiving Christmas T-Shirt,https://m.media-amazon.com/images/I/71zvX5fpl6L._AC_UL320_.jpg,https://www.amazon.com/Nutrition-Facts-Label-Thanksgiving-Christmas/dp/B09DD519PL/ref=sr_1_947?dchild=1&keywords=thanksgiving&m=ATVPDKIKX0DER&qid=1630232772&refinements=p_6%3AATVPDKIKX0DER&s=apparel&sr=1-947
Turnip Nutrition Facts Label Thanksgiving Christmas T-Shirt,https://m.media-amazon.com/images/I/71MuLlsbRGL._AC_UL320_.jpg,https://www.amazon.com/Nutrition-Facts-Label-Thanksgiving-Christmas/dp/B09DD3Z949/ref=sr_1_949?dchild=1&keywords=thanksgiving&m=ATVPDKIKX0DER&qid=1630232772&refinements=p_6%3AATVPDKIKX0DER&s=apparel&sr=1-949
